Timestamp,Episode,Step,Attack_Type,Water_Level,CPU_Load,LLM_Decision,Agent_Action,Is_Anomaly
2026-04-22 01:03:38,0,1,stealth_drain,50.0,25.0,Attack,0,False
2026-04-22 01:03:38,0,2,stealth_drain,50.87,26.11,Normal,0,False
2026-04-22 01:03:38,0,3,stealth_drain,50.65,22.11,Attack,0,False
2026-04-22 01:03:38,0,4,stealth_drain,51.14,26.5,Normal,0,False
2026-04-22 01:03:38,0,5,stealth_drain,50.97,31.44,Normal,0,False
2026-04-22 01:03:38,0,6,stealth_drain,50.25,27.39,Normal,0,False
2026-04-22 01:04:04,0,7,stealth_drain,49.41,25.72,Normal,0,False
2026-04-22 01:04:04,0,8,stealth_drain,49.03,24.1,Normal,0,False
2026-04-22 01:04:04,0,9,stealth_drain,49.85,23.38,Attack,0,False
2026-04-22 01:04:04,0,10,stealth_drain,49.99,23.8,Attack,0,False
2026-04-22 01:04:04,0,11,stealth_drain,49.56,28.78,Normal,0,False
2026-04-22 01:04:04,0,12,stealth_drain,49.62,24.45,Attack,0,False
2026-04-22 01:04:04,0,13,stealth_drain,48.56,26.94,Normal,0,False
2026-04-22 01:04:04,0,14,stealth_drain,50.22,26.79,Normal,0,False
2026-04-22 01:04:04,0,15,stealth_drain,51.17,24.78,Attack,0,False
2026-04-22 01:04:04,0,16,stealth_drain,50.39,26.14,Normal,0,False
2026-04-22 01:04:04,0,17,stealth_drain,49.63,23.31,Attack,0,False
2026-04-22 01:04:36,0,18,stealth_drain,49.25,26.56,Normal,0,False
2026-04-22 01:05:01,0,19,stealth_drain,46.12,30.36,Normal,0,True
2026-04-22 01:05:01,0,20,stealth_drain,42.84,30.03,Attack,0,True
2026-04-22 01:05:01,0,21,stealth_drain,39.7,26.0,Attack,0,True
2026-04-22 01:05:15,0,22,stealth_drain,37.59,25.46,Attack,0,True
2026-04-22 01:05:15,0,23,stealth_drain,34.83,27.87,Attack,0,True
2026-04-22 01:05:15,0,24,stealth_drain,32.25,26.13,Attack,0,True
2026-04-22 01:05:15,0,25,stealth_drain,30.83,30.3,Attack,0,True
2026-04-22 01:05:15,0,26,stealth_drain,27.46,28.46,Attack,0,True
2026-04-22 01:05:30,0,27,stealth_drain,26.14,31.0,Attack,0,True
2026-04-22 01:05:30,0,28,stealth_drain,23.53,26.15,Normal,0,True
2026-04-22 01:05:30,0,29,stealth_drain,20.43,26.59,Normal,0,True
2026-04-22 01:05:39,0,30,stealth_drain,18.02,30.79,Normal,0,True
2026-04-22 01:05:39,0,31,stealth_drain,14.41,27.79,Attack,0,True
2026-04-22 01:05:39,0,32,stealth_drain,10.48,25.84,Attack,0,True
2026-04-22 01:06:11,0,33,stealth_drain,8.16,29.4,Attack,0,True
2026-04-22 01:06:37,0,34,stealth_drain,3.78,27.29,Normal,0,True
2026-04-22 01:06:37,0,35,stealth_drain,1.43,26.58,Attack,0,True
2026-04-22 01:06:37,1,1,ransomware,50.0,25.0,Attack,0,False
2026-04-22 01:06:37,1,2,ransomware,49.11,24.19,Attack,0,False
2026-04-22 01:06:37,1,3,ransomware,48.08,17.76,Attack,0,False
2026-04-22 01:06:37,1,4,ransomware,47.55,22.36,Normal,0,False
2026-04-22 01:07:01,1,5,ransomware,47.29,20.55,Normal,0,False
2026-04-22 01:07:01,1,6,ransomware,46.75,25.86,Normal,0,False
2026-04-22 01:07:01,1,7,ransomware,46.89,24.35,Attack,0,False
2026-04-22 01:07:01,1,8,ransomware,47.4,28.42,Normal,0,False
2026-04-22 01:07:01,1,9,ransomware,47.04,22.53,Attack,0,False
2026-04-22 01:07:01,1,10,ransomware,46.55,29.32,Normal,0,False
2026-04-22 01:07:18,1,11,ransomware,46.47,22.25,Attack,0,False
2026-04-22 01:07:35,1,12,ransomware,45.52,99.0,Attack,0,True
2026-04-22 01:07:35,1,13,ransomware,44.95,99.0,Attack,0,True
2026-04-22 01:07:35,1,14,ransomware,45.22,99.0,Attack,0,True
2026-04-22 01:08:08,1,15,ransomware,46.06,99.0,Attack,0,True
2026-04-22 01:08:22,1,16,ransomware,48.73,99.0,Normal,0,True
2026-04-22 01:08:22,1,17,ransomware,48.08,99.0,Normal,0,True
2026-04-22 01:08:22,1,18,ransomware,48.09,99.0,Normal,0,True
2026-04-22 01:08:22,1,19,ransomware,48.65,99.0,Normal,0,True
2026-04-22 01:08:22,1,20,ransomware,48.44,99.0,Attack,0,True
2026-04-22 01:08:22,1,21,ransomware,48.45,99.0,Attack,0,True
2026-04-22 01:08:22,1,22,ransomware,48.67,99.0,Attack,0,True
2026-04-22 01:08:22,1,23,ransomware,47.87,99.0,Attack,0,True
2026-04-22 01:08:22,1,24,ransomware,47.68,99.0,Attack,0,True
2026-04-22 01:08:22,1,25,ransomware,46.69,99.0,Attack,0,True
2026-04-22 01:08:46,1,26,ransomware,47.23,99.0,Attack,0,True
2026-04-22 01:08:46,1,27,ransomware,45.87,99.0,Normal,0,True
2026-04-22 01:08:46,1,28,ransomware,47.21,99.0,Attack,0,True
2026-04-22 01:08:46,1,29,ransomware,47.21,99.0,Attack,0,True
2026-04-22 01:08:46,1,30,ransomware,47.59,99.0,Attack,0,True
2026-04-22 01:08:46,1,31,ransomware,47.52,99.0,Attack,0,True
2026-04-22 01:08:46,1,32,ransomware,48.21,99.0,Attack,0,True
2026-04-22 01:08:46,1,33,ransomware,47.91,99.0,Attack,0,True
2026-04-22 01:08:46,1,34,ransomware,48.15,99.0,Attack,0,True
2026-04-22 01:08:46,1,35,ransomware,48.16,99.0,Attack,0,True
2026-04-22 01:08:46,1,36,ransomware,47.22,99.0,Attack,0,True
2026-04-22 01:08:46,1,37,ransomware,47.91,99.0,Attack,0,True
2026-04-22 01:08:46,1,38,ransomware,47.99,99.0,Attack,0,True
2026-04-22 01:08:46,1,39,ransomware,48.29,99.0,Attack,0,True
2026-04-22 01:08:46,1,40,ransomware,47.07,99.0,Attack,0,True
2026-04-22 01:08:46,1,41,ransomware,47.05,99.0,Attack,0,True
2026-04-22 01:08:46,1,42,ransomware,45.34,99.0,Normal,0,True
2026-04-22 01:08:46,1,43,ransomware,45.62,99.0,Normal,0,True
2026-04-22 01:08:46,1,44,ransomware,45.98,99.0,Attack,0,True
2026-04-22 01:08:46,1,45,ransomware,45.54,99.0,Attack,0,True
2026-04-22 01:08:46,1,46,ransomware,46.75,99.0,Attack,0,True
2026-04-22 01:08:46,1,47,ransomware,46.04,99.0,Attack,0,True
2026-04-22 01:08:46,1,48,ransomware,46.36,99.0,Attack,0,True
2026-04-22 01:08:46,1,49,ransomware,45.97,99.0,Attack,0,True
2026-04-22 01:08:46,1,50,ransomware,46.25,99.0,Attack,0,True
2026-04-22 01:08:46,1,51,ransomware,47.93,99.0,Attack,0,True
2026-04-22 01:08:46,1,52,ransomware,48.46,99.0,Normal,0,True
2026-04-22 01:08:46,1,53,ransomware,48.27,99.0,Normal,0,True
2026-04-22 01:08:46,1,54,ransomware,48.57,99.0,Normal,0,True
2026-04-22 01:08:46,1,55,ransomware,48.49,99.0,Attack,0,True
2026-04-22 01:08:46,1,56,ransomware,46.94,99.0,Attack,0,True
2026-04-22 01:08:46,1,57,ransomware,45.79,99.0,Normal,0,True
2026-04-22 01:08:46,1,58,ransomware,47.13,99.0,Attack,0,True
2026-04-22 01:08:46,1,59,ransomware,47.07,99.0,Attack,0,True
2026-04-22 01:08:46,1,60,ransomware,45.56,99.0,Attack,0,True
2026-04-22 01:08:46,2,1,overflow,50.0,25.0,Attack,0,False
2026-04-22 01:08:46,2,2,overflow,50.18,26.55,Normal,0,False
2026-04-22 01:08:46,2,3,overflow,50.83,22.66,Attack,0,False
2026-04-22 01:08:46,2,4,overflow,50.39,25.51,Normal,0,False
2026-04-22 01:08:46,2,5,overflow,48.98,24.63,Attack,0,False
2026-04-22 01:08:46,2,6,overflow,49.17,20.78,Attack,0,False
2026-04-22 01:08:46,2,7,overflow,48.54,25.67,Normal,0,False
2026-04-22 01:08:46,2,8,overflow,48.47,22.27,Attack,0,False
2026-04-22 01:08:46,2,9,overflow,47.19,33.07,Normal,0,False
2026-04-22 01:09:08,2,10,overflow,45.94,23.96,Normal,0,False
2026-04-22 01:09:08,2,11,overflow,44.47,28.79,Normal,0,False
2026-04-22 01:09:37,2,12,overflow,45.19,25.21,Normal,0,False
2026-04-22 01:09:37,2,13,overflow,43.95,21.65,Normal,0,False
2026-04-22 01:09:37,2,14,overflow,42.77,24.11,Normal,0,False
2026-04-22 01:10:04,2,15,overflow,42.17,25.06,Normal,0,False
2026-04-22 01:10:04,2,16,overflow,43.23,29.84,Attack,0,False
2026-04-22 01:10:04,2,17,overflow,43.06,27.82,Attack,0,False
2026-04-22 01:10:04,2,18,overflow,41.36,26.39,Attack,0,False
2026-04-22 01:10:04,2,19,overflow,40.68,25.77,Attack,0,False
2026-04-22 01:10:04,2,20,overflow,40.58,25.73,Normal,0,False
2026-04-22 01:10:04,2,21,overflow,39.16,25.43,Normal,0,False
2026-04-22 01:10:22,2,22,overflow,39.68,31.18,Attack,0,False
2026-04-22 01:10:22,2,23,overflow,40.37,18.94,Normal,0,False
2026-04-22 01:10:22,2,24,overflow,40.14,19.67,Normal,0,False
2026-04-22 01:10:22,2,25,overflow,39.74,26.67,Attack,0,False
2026-04-22 01:10:22,2,26,overflow,40.09,23.65,Normal,0,False
2026-04-22 01:10:22,2,27,overflow,40.54,26.54,Attack,0,False
2026-04-22 01:10:22,2,28,overflow,40.36,27.19,Attack,0,False
2026-04-22 01:10:22,2,29,overflow,38.92,25.24,Attack,0,False
2026-04-22 01:10:22,2,30,overflow,37.18,25.19,Normal,0,False
2026-04-22 01:10:22,2,31,overflow,37.17,25.51,Normal,0,False
2026-04-22 01:10:22,2,32,overflow,37.7,30.03,Normal,0,False
2026-04-22 01:10:22,2,33,overflow,37.47,29.02,Attack,0,False
2026-04-22 01:10:22,2,34,overflow,37.51,27.73,Attack,0,False
2026-04-22 01:10:22,2,35,overflow,38.63,26.04,Attack,0,False
2026-04-22 01:10:54,2,36,overflow,39.45,29.11,Attack,0,False
2026-04-22 01:11:20,2,37,overflow,42.12,92.87,Normal,0,True
2026-04-22 01:11:50,2,38,overflow,45.27,79.28,Attack,0,True
2026-04-22 01:11:50,2,39,overflow,49.38,87.78,Normal,0,True
2026-04-22 01:11:55,2,40,overflow,52.98,81.84,Attack,0,True
2026-04-22 01:11:55,2,41,overflow,56.37,87.82,Attack,0,True
2026-04-22 01:12:16,2,42,overflow,58.43,88.35,Attack,0,True
2026-04-22 01:12:16,2,43,overflow,61.68,81.31,Attack,0,True
2026-04-22 01:12:34,2,44,overflow,64.3,94.12,Attack,0,True
2026-04-22 01:12:41,2,45,overflow,67.64,90.64,Attack,0,True
2026-04-22 01:13:14,2,46,overflow,70.49,77.71,Attack,0,True
2026-04-22 01:13:44,2,47,overflow,75.16,89.1,Normal,0,True
2026-04-22 01:13:44,2,48,overflow,78.7,93.11,Attack,0,True
2026-04-22 01:14:03,2,49,overflow,82.39,88.79,Attack,0,True
2026-04-22 01:14:33,2,50,overflow,85.83,89.39,Normal,0,True
2026-04-22 01:14:33,2,51,overflow,88.29,95.88,Attack,0,True
2026-04-22 01:14:57,2,52,overflow,92.77,93.73,Normal,0,True
2026-04-22 01:14:57,2,53,overflow,95.31,92.07,Attack,0,True
2026-04-22 01:14:57,2,54,overflow,99.1,91.66,Attack,0,True
2026-04-22 01:14:57,3,1,stealth_drain,50.0,25.0,Attack,0,False
2026-04-22 01:14:57,3,2,stealth_drain,49.69,22.41,Attack,0,False
2026-04-22 01:14:57,3,3,stealth_drain,49.7,26.37,Normal,0,False
2026-04-22 01:14:57,3,4,stealth_drain,50.33,24.77,Attack,0,False
2026-04-22 01:14:57,3,5,stealth_drain,51.34,28.36,Normal,0,False
2026-04-22 01:15:23,3,6,stealth_drain,50.8,26.24,Normal,0,False
2026-04-22 01:15:23,3,7,stealth_drain,51.84,28.37,Normal,0,False
2026-04-22 01:15:23,3,8,stealth_drain,51.89,24.46,Attack,0,False
2026-04-22 01:15:23,3,9,stealth_drain,51.09,22.97,Attack,0,False
2026-04-22 01:15:23,3,10,stealth_drain,50.57,22.42,Attack,0,False
2026-04-22 01:15:23,3,11,stealth_drain,49.74,23.84,Normal,0,False
2026-04-22 01:15:23,3,12,stealth_drain,50.15,26.74,Normal,0,False
2026-04-22 01:15:23,3,13,stealth_drain,50.07,24.61,Attack,0,False
2026-04-22 01:15:23,3,14,stealth_drain,51.5,28.08,Normal,0,False
2026-04-22 01:15:23,3,15,stealth_drain,50.99,25.02,Normal,0,False
2026-04-22 01:15:36,3,16,stealth_drain,51.38,16.21,Attack,0,False
2026-04-22 01:15:36,3,17,stealth_drain,47.59,26.63,Attack,0,True
2026-04-22 01:15:36,3,18,stealth_drain,43.82,27.31,Attack,0,True
2026-04-22 01:15:36,3,19,stealth_drain,41.4,27.54,Attack,0,True
2026-04-22 01:15:36,3,20,stealth_drain,38.22,27.31,Attack,0,True
2026-04-22 01:15:36,3,21,stealth_drain,34.53,29.44,Attack,0,True
2026-04-22 01:15:36,3,22,stealth_drain,31.6,29.12,Attack,0,True
2026-04-22 01:15:36,3,23,stealth_drain,28.58,25.22,Attack,0,True
2026-04-22 01:15:36,3,24,stealth_drain,24.86,29.8,Normal,0,True
2026-04-22 01:15:36,3,25,stealth_drain,22.18,27.3,Normal,0,True
2026-04-22 01:15:47,3,26,stealth_drain,18.67,31.07,Normal,0,True
2026-04-22 01:15:47,3,27,stealth_drain,14.54,24.71,Attack,0,True
2026-04-22 01:15:47,3,28,stealth_drain,11.67,26.92,Attack,0,True
2026-04-22 01:15:47,3,29,stealth_drain,9.07,29.91,Attack,0,True
2026-04-22 01:15:47,3,30,stealth_drain,5.29,26.22,Attack,0,True
2026-04-22 01:15:47,3,31,stealth_drain,3.33,31.04,Attack,0,True
2026-04-22 01:16:06,3,32,stealth_drain,0.52,27.12,Attack,0,True
2026-04-22 01:16:06,4,1,stealth_drain,50.0,25.0,Attack,0,False
2026-04-22 01:16:06,4,2,stealth_drain,50.25,29.21,Normal,0,False
2026-04-22 01:16:06,4,3,stealth_drain,48.94,24.74,Attack,0,False
2026-04-22 01:16:06,4,4,stealth_drain,49.47,23.63,Attack,0,False
2026-04-22 01:16:06,4,5,stealth_drain,49.46,26.27,Normal,0,False
2026-04-22 01:16:06,4,6,stealth_drain,50.0,22.18,Attack,0,False
2026-04-22 01:16:06,4,7,stealth_drain,50.58,25.87,Normal,0,False
2026-04-22 01:16:06,4,8,stealth_drain,50.96,20.16,Attack,0,False
2026-04-22 01:16:06,4,9,stealth_drain,49.64,23.2,Attack,0,False
2026-04-22 01:16:06,4,10,stealth_drain,49.51,26.22,Normal,0,False
2026-04-22 01:16:06,4,11,stealth_drain,49.58,23.39,Attack,0,False
2026-04-22 01:16:06,4,12,stealth_drain,49.47,28.0,Normal,0,False
2026-04-22 01:16:06,4,13,stealth_drain,47.78,21.61,Attack,0,False
2026-04-22 01:16:06,4,14,stealth_drain,47.21,20.96,Normal,0,False
2026-04-22 01:16:06,4,15,stealth_drain,46.43,27.35,Normal,0,False
2026-04-22 01:16:06,4,16,stealth_drain,45.75,20.33,Normal,0,False
2026-04-22 01:16:06,4,17,stealth_drain,45.38,20.8,Normal,0,False
2026-04-22 01:16:06,4,18,stealth_drain,45.63,25.91,Normal,0,False
2026-04-22 01:16:06,4,19,stealth_drain,46.51,26.1,Normal,0,False
2026-04-22 01:16:06,4,20,stealth_drain,47.13,23.86,Attack,0,False
2026-04-22 01:16:06,4,21,stealth_drain,48.04,27.69,Normal,0,False
2026-04-22 01:16:06,4,22,stealth_drain,47.81,28.69,Normal,0,False
2026-04-22 01:16:06,4,23,stealth_drain,46.97,22.03,Attack,0,False
2026-04-22 01:16:06,4,24,stealth_drain,47.16,24.38,Attack,0,False
2026-04-22 01:16:06,4,25,stealth_drain,47.21,24.5,Attack,0,False
2026-04-22 01:16:06,4,26,stealth_drain,45.54,23.95,Normal,0,False
2026-04-22 01:16:06,4,27,stealth_drain,45.87,25.04,Normal,0,False
2026-04-22 01:16:06,4,28,stealth_drain,44.58,25.29,Normal,0,False
2026-04-22 01:16:06,4,29,stealth_drain,44.51,29.71,Normal,0,False
2026-04-22 01:16:06,4,30,stealth_drain,44.17,23.79,Normal,0,False
2026-04-22 01:16:06,4,31,stealth_drain,43.64,27.62,Normal,0,False
2026-04-22 01:16:06,4,32,stealth_drain,43.23,24.46,Normal,0,False
2026-04-22 01:16:06,4,33,stealth_drain,41.79,29.18,Normal,0,False
2026-04-22 01:16:06,4,34,stealth_drain,38.11,26.56,Attack,0,True
2026-04-22 01:16:06,4,35,stealth_drain,34.89,28.29,Attack,0,True
2026-04-22 01:16:06,4,36,stealth_drain,30.69,28.62,Attack,0,True
2026-04-22 01:16:06,4,37,stealth_drain,27.44,25.63,Attack,0,True
2026-04-22 01:16:06,4,38,stealth_drain,25.59,26.56,Attack,0,True
2026-04-22 01:16:06,4,39,stealth_drain,21.31,27.0,Normal,0,True
2026-04-22 01:16:06,4,40,stealth_drain,17.74,30.04,Normal,0,True
2026-04-22 01:16:06,4,41,stealth_drain,14.45,29.35,Attack,0,True
2026-04-22 01:16:06,4,42,stealth_drain,12.3,30.13,Attack,0,True
2026-04-22 01:16:06,4,43,stealth_drain,9.01,27.59,Attack,0,True
2026-04-22 01:16:06,4,44,stealth_drain,7.18,29.53,Attack,0,True
2026-04-22 01:16:06,4,45,stealth_drain,3.99,29.42,Attack,0,True
2026-04-22 01:16:06,5,1,overflow,50.0,25.0,Attack,0,False
2026-04-22 01:16:06,5,2,overflow,50.47,33.1,Normal,0,False
2026-04-22 01:16:06,5,3,overflow,50.85,21.44,Attack,0,False
2026-04-22 01:16:06,5,4,overflow,50.84,24.98,Attack,0,False
2026-04-22 01:16:06,5,5,overflow,51.02,25.18,Normal,0,False
2026-04-22 01:16:06,5,6,overflow,52.75,26.02,Normal,0,False
2026-04-22 01:16:06,5,7,overflow,53.31,25.47,Normal,0,False
2026-04-22 01:16:06,5,8,overflow,52.94,32.72,Normal,0,False
2026-04-22 01:16:06,5,9,overflow,52.46,26.1,Normal,0,False
2026-04-22 01:16:06,5,10,overflow,52.91,25.77,Normal,0,False
2026-04-22 01:16:06,5,11,overflow,53.19,22.46,Attack,0,False
2026-04-22 01:16:06,5,12,overflow,53.14,25.84,Normal,0,False
2026-04-22 01:16:06,5,13,overflow,53.2,25.81,Normal,0,False
2026-04-22 01:16:06,5,14,overflow,53.51,28.41,Normal,0,False
2026-04-22 01:16:06,5,15,overflow,54.24,28.15,Normal,0,False
2026-04-22 01:16:35,5,16,overflow,54.87,23.06,Attack,0,False
2026-04-22 01:16:48,5,17,overflow,55.38,29.37,Attack,0,False
2026-04-22 01:16:48,5,18,overflow,55.98,22.99,Attack,0,False
2026-04-22 01:16:48,5,19,overflow,54.71,16.84,Attack,0,False
2026-04-22 01:16:48,5,20,overflow,54.08,29.34,Normal,0,False
2026-04-22 01:17:08,5,21,overflow,54.97,24.71,Attack,0,False
2026-04-22 01:17:08,5,22,overflow,55.88,26.6,Attack,0,False
2026-04-22 01:17:08,5,23,overflow,56.12,29.69,Attack,0,False
2026-04-22 01:17:08,5,24,overflow,55.23,25.57,Attack,0,False
2026-04-22 01:17:08,5,25,overflow,58.76,79.65,Attack,0,True
2026-04-22 01:17:37,5,26,overflow,61.84,84.84,Attack,0,True
2026-04-22 01:17:37,5,27,overflow,64.86,96.97,Normal,0,True
2026-04-22 01:17:37,5,28,overflow,68.05,94.82,Attack,0,True
2026-04-22 01:17:37,5,29,overflow,70.63,77.4,Attack,0,True
2026-04-22 01:17:37,5,30,overflow,73.46,84.65,Attack,0,True
2026-04-22 01:17:37,5,31,overflow,75.42,87.36,Attack,0,True
2026-04-22 01:17:50,5,32,overflow,76.75,88.68,Attack,0,True
2026-04-22 01:17:50,5,33,overflow,79.9,82.76,Normal,0,True
2026-04-22 01:17:50,5,34,overflow,81.61,84.67,Normal,0,True
2026-04-22 01:17:50,5,35,overflow,84.61,87.17,Attack,0,True
2026-04-22 01:18:09,5,36,overflow,87.04,87.81,Normal,0,True
2026-04-22 01:18:09,5,37,overflow,89.34,83.54,Attack,0,True
2026-04-22 01:18:23,5,38,overflow,92.84,95.92,Attack,0,True
2026-04-22 01:18:23,5,39,overflow,96.7,82.5,Normal,0,True
2026-04-22 01:18:23,5,40,overflow,98.24,83.6,Normal,0,True
2026-04-22 01:18:23,6,1,ransomware,50.0,25.0,Attack,0,False
2026-04-22 01:18:23,6,2,ransomware,50.09,26.09,Normal,0,False
2026-04-22 01:18:23,6,3,ransomware,49.14,21.16,Attack,0,False
2026-04-22 01:18:23,6,4,ransomware,49.27,24.48,Attack,0,False
2026-04-22 01:18:23,6,5,ransomware,49.58,20.95,Attack,0,False
2026-04-22 01:18:23,6,6,ransomware,49.93,29.59,Normal,0,False
2026-04-22 01:18:23,6,7,ransomware,50.64,24.12,Attack,0,False
2026-04-22 01:18:23,6,8,ransomware,50.65,23.53,Attack,0,False
2026-04-22 01:18:23,6,9,ransomware,51.4,21.42,Attack,0,False
2026-04-22 01:18:23,6,10,ransomware,49.26,27.26,Normal,0,False
2026-04-22 01:18:23,6,11,ransomware,48.82,24.37,Attack,0,False
2026-04-22 01:18:23,6,12,ransomware,47.28,24.27,Normal,0,False
2026-04-22 01:18:23,6,13,ransomware,46.54,23.44,Normal,0,False
2026-04-22 01:18:23,6,14,ransomware,46.64,25.34,Normal,0,False
2026-04-22 01:18:23,6,15,ransomware,47.54,25.39,Normal,0,False
2026-04-22 01:18:23,6,16,ransomware,47.08,27.28,Normal,0,False
2026-04-22 01:18:23,6,17,ransomware,47.2,23.52,Attack,0,False
2026-04-22 01:18:23,6,18,ransomware,45.87,21.15,Attack,0,False
2026-04-22 01:18:23,6,19,ransomware,45.24,22.64,Normal,0,False
2026-04-22 01:18:23,6,20,ransomware,44.3,32.61,Normal,0,False
2026-04-22 01:18:23,6,21,ransomware,44.62,24.53,Normal,0,False
2026-04-22 01:18:23,6,22,ransomware,42.83,27.97,Normal,0,False
2026-04-22 01:18:23,6,23,ransomware,43.99,19.4,Normal,0,False
2026-04-22 01:18:23,6,24,ransomware,45.32,28.08,Normal,0,False
2026-04-22 01:18:23,6,25,ransomware,45.34,26.27,Normal,0,False
2026-04-22 01:18:40,6,26,ransomware,45.92,26.0,Normal,0,False
2026-04-22 01:18:40,6,27,ransomware,46.49,23.88,Normal,0,False
2026-04-22 01:18:40,6,28,ransomware,45.73,23.65,Attack,0,False
2026-04-22 01:18:40,6,29,ransomware,46.46,20.07,Attack,0,False
2026-04-22 01:18:40,6,30,ransomware,46.39,99.0,Attack,0,True
2026-04-22 01:18:40,6,31,ransomware,46.3,99.0,Attack,0,True
2026-04-22 01:18:40,6,32,ransomware,45.97,99.0,Attack,0,True
2026-04-22 01:18:40,6,33,ransomware,46.7,99.0,Attack,0,True
2026-04-22 01:18:40,6,34,ransomware,46.83,99.0,Attack,0,True
2026-04-22 01:18:52,6,35,ransomware,45.21,99.0,Attack,0,True
2026-04-22 01:18:52,6,36,ransomware,44.35,99.0,Normal,0,True
2026-04-22 01:18:52,6,37,ransomware,44.82,99.0,Normal,0,True
2026-04-22 01:18:52,6,38,ransomware,45.52,99.0,Attack,0,True
2026-04-22 01:18:52,6,39,ransomware,45.89,99.0,Attack,0,True
2026-04-22 01:18:52,6,40,ransomware,44.47,99.0,Normal,0,True
2026-04-22 01:18:52,6,41,ransomware,43.87,99.0,Normal,0,True
2026-04-22 01:18:52,6,42,ransomware,43.69,99.0,Normal,0,True
2026-04-22 01:18:52,6,43,ransomware,42.66,99.0,Attack,0,True
2026-04-22 01:18:52,6,44,ransomware,44.11,99.0,Normal,0,True
2026-04-22 01:18:52,6,45,ransomware,42.81,99.0,Normal,0,True
2026-04-22 01:18:52,6,46,ransomware,42.78,99.0,Normal,0,True
2026-04-22 01:18:52,6,47,ransomware,43.55,99.0,Normal,0,True
2026-04-22 01:18:52,6,48,ransomware,42.97,99.0,Normal,0,True
2026-04-22 01:18:52,6,49,ransomware,44.31,99.0,Normal,0,True
2026-04-22 01:18:52,6,50,ransomware,44.14,99.0,Normal,0,True
2026-04-22 01:18:52,6,51,ransomware,43.33,99.0,Normal,0,True
2026-04-22 01:18:52,6,52,ransomware,44.16,99.0,Normal,0,True
2026-04-22 01:18:52,6,53,ransomware,44.86,99.0,Normal,0,True
2026-04-22 01:18:52,6,54,ransomware,47.07,99.0,Normal,0,True
2026-04-22 01:18:52,6,55,ransomware,46.18,99.0,Normal,0,True
2026-04-22 01:18:52,6,56,ransomware,45.91,99.0,Attack,0,True
2026-04-22 01:18:52,6,57,ransomware,45.23,99.0,Attack,0,True
2026-04-22 01:18:52,6,58,ransomware,44.14,99.0,Attack,0,True
2026-04-22 01:18:52,6,59,ransomware,43.61,99.0,Attack,0,True
2026-04-22 01:18:52,6,60,ransomware,42.94,99.0,Attack,0,True
2026-04-22 01:18:52,7,1,stealth_drain,50.0,25.0,Attack,0,False
2026-04-22 01:18:52,7,2,stealth_drain,50.93,24.53,Attack,0,False
2026-04-22 01:18:52,7,3,stealth_drain,52.38,27.66,Normal,0,False
2026-04-22 01:18:52,7,4,stealth_drain,52.05,24.37,Normal,0,False
2026-04-22 01:18:52,7,5,stealth_drain,52.32,28.45,Normal,0,False
2026-04-22 01:18:52,7,6,stealth_drain,52.85,28.12,Normal,0,False
2026-04-22 01:18:52,7,7,stealth_drain,53.76,24.6,Attack,0,False
2026-04-22 01:18:52,7,8,stealth_drain,54.64,19.51,Normal,0,False
2026-04-22 01:18:52,7,9,stealth_drain,53.98,24.45,Attack,0,False
2026-04-22 01:18:52,7,10,stealth_drain,53.4,19.86,Attack,0,False
2026-04-22 01:18:52,7,11,stealth_drain,53.7,22.85,Attack,0,False
2026-04-22 01:18:52,7,12,stealth_drain,54.32,22.36,Attack,0,False
2026-04-22 01:18:52,7,13,stealth_drain,54.31,18.37,Attack,0,False
2026-04-22 01:18:52,7,14,stealth_drain,54.42,27.68,Normal,0,False
2026-04-22 01:18:52,7,15,stealth_drain,54.52,23.57,Attack,0,False
2026-04-22 01:18:52,7,16,stealth_drain,54.06,26.84,Normal,0,False
2026-04-22 01:18:52,7,17,stealth_drain,54.29,24.34,Attack,0,False
2026-04-22 01:18:52,7,18,stealth_drain,55.87,25.29,Attack,0,False
2026-04-22 01:19:24,7,19,stealth_drain,56.24,25.94,Attack,0,False
2026-04-22 01:19:24,7,20,stealth_drain,55.2,18.64,Normal,0,False
2026-04-22 01:19:24,7,21,stealth_drain,54.11,28.36,Normal,0,False
2026-04-22 01:19:24,7,22,stealth_drain,53.46,31.3,Normal,0,False
2026-04-22 01:19:24,7,23,stealth_drain,53.81,25.05,Normal,0,False
2026-04-22 01:19:24,7,24,stealth_drain,54.32,30.85,Normal,0,False
2026-04-22 01:19:24,7,25,stealth_drain,52.86,27.67,Normal,0,False
2026-04-22 01:19:24,7,26,stealth_drain,52.75,34.71,Normal,0,False
2026-04-22 01:19:24,7,27,stealth_drain,52.46,31.37,Normal,0,False
2026-04-22 01:19:24,7,28,stealth_drain,50.46,30.61,Normal,0,False
2026-04-22 01:19:24,7,29,stealth_drain,50.4,25.16,Normal,0,False
2026-04-22 01:19:24,7,30,stealth_drain,50.63,26.35,Normal,0,False
2026-04-22 01:19:24,7,31,stealth_drain,50.32,23.24,Normal,0,False
2026-04-22 01:19:24,7,32,stealth_drain,50.67,26.94,Normal,0,False
2026-04-22 01:19:24,7,33,stealth_drain,50.51,24.04,Attack,0,False
2026-04-22 01:19:24,7,34,stealth_drain,50.05,27.34,Normal,0,False
2026-04-22 01:19:24,7,35,stealth_drain,46.91,29.21,Attack,0,True
2026-04-22 01:19:24,7,36,stealth_drain,44.07,26.82,Attack,0,True
2026-04-22 01:19:24,7,37,stealth_drain,41.6,25.98,Attack,0,True
2026-04-22 01:19:24,7,38,stealth_drain,38.65,29.73,Attack,0,True
2026-04-22 01:19:24,7,39,stealth_drain,35.48,25.27,Attack,0,True
2026-04-22 01:19:24,7,40,stealth_drain,31.98,27.29,Attack,0,True
2026-04-22 01:19:24,7,41,stealth_drain,28.35,27.54,Attack,0,True
2026-04-22 01:19:24,7,42,stealth_drain,25.4,30.61,Attack,0,True
2026-04-22 01:19:24,7,43,stealth_drain,22.03,28.94,Normal,0,True
2026-04-22 01:19:24,7,44,stealth_drain,18.89,26.46,Normal,0,True
2026-04-22 01:19:24,7,45,stealth_drain,15.7,29.73,Normal,0,True
2026-04-22 01:19:24,7,46,stealth_drain,11.58,28.32,Attack,0,True
2026-04-22 01:19:24,7,47,stealth_drain,9.12,25.77,Attack,0,True
2026-04-22 01:19:24,7,48,stealth_drain,5.36,31.22,Attack,0,True
2026-04-22 01:19:24,7,49,stealth_drain,1.7,27.33,Attack,0,True
2026-04-22 01:19:24,8,1,stealth_drain,50.0,25.0,Attack,0,False
2026-04-22 01:19:24,8,2,stealth_drain,48.59,25.16,Normal,0,False
2026-04-22 01:19:24,8,3,stealth_drain,48.09,25.04,Normal,0,False
2026-04-22 01:19:24,8,4,stealth_drain,47.33,23.48,Normal,0,False
2026-04-22 01:19:24,8,5,stealth_drain,46.32,24.36,Normal,0,False
2026-04-22 01:19:24,8,6,stealth_drain,46.94,24.16,Attack,0,False
2026-04-22 01:19:24,8,7,stealth_drain,47.0,21.72,Attack,0,False
2026-04-22 01:19:24,8,8,stealth_drain,46.19,30.74,Normal,0,False
2026-04-22 01:19:24,8,9,stealth_drain,45.59,25.47,Normal,0,False
2026-04-22 01:19:24,8,10,stealth_drain,43.97,23.19,Normal,0,False
2026-04-22 01:19:24,8,11,stealth_drain,45.19,24.26,Attack,0,False
2026-04-22 01:19:24,8,12,stealth_drain,43.88,26.54,Normal,0,False
2026-04-22 01:19:24,8,13,stealth_drain,42.91,20.43,Normal,0,False
2026-04-22 01:19:24,8,14,stealth_drain,42.65,27.78,Attack,0,False
2026-04-22 01:19:24,8,15,stealth_drain,43.37,27.99,Attack,0,False
2026-04-22 01:19:24,8,16,stealth_drain,42.81,27.53,Attack,0,False
2026-04-22 01:19:24,8,17,stealth_drain,41.62,23.31,Normal,0,False
2026-04-22 01:19:24,8,18,stealth_drain,41.22,26.32,Attack,0,False
2026-04-22 01:19:24,8,19,stealth_drain,41.97,23.51,Normal,0,False
2026-04-22 01:19:24,8,20,stealth_drain,41.17,25.61,Attack,0,False
2026-04-22 01:19:24,8,21,stealth_drain,41.08,23.8,Normal,0,False
2026-04-22 01:19:24,8,22,stealth_drain,41.65,28.13,Attack,0,False
2026-04-22 01:19:24,8,23,stealth_drain,39.05,27.96,Attack,0,True
2026-04-22 01:19:24,8,24,stealth_drain,36.1,26.93,Attack,0,True
2026-04-22 01:19:24,8,25,stealth_drain,33.5,25.27,Attack,0,True
2026-04-22 01:19:24,8,26,stealth_drain,30.76,25.2,Attack,0,True
2026-04-22 01:19:24,8,27,stealth_drain,27.78,27.76,Attack,0,True
2026-04-22 01:19:24,8,28,stealth_drain,23.79,29.13,Normal,0,True
2026-04-22 01:19:24,8,29,stealth_drain,20.83,25.12,Normal,0,True
2026-04-22 01:19:38,8,30,stealth_drain,18.13,26.76,Normal,0,True
2026-04-22 01:19:38,8,31,stealth_drain,15.79,24.65,Normal,0,True
2026-04-22 01:19:38,8,32,stealth_drain,12.3,28.74,Attack,0,True
2026-04-22 01:19:38,8,33,stealth_drain,9.37,28.24,Attack,0,True
2026-04-22 01:19:38,8,34,stealth_drain,6.71,30.38,Attack,0,True
2026-04-22 01:19:38,8,35,stealth_drain,4.1,27.59,Attack,0,True
2026-04-22 01:19:38,8,36,stealth_drain,1.5,29.88,Attack,0,True
2026-04-22 01:19:38,9,1,ransomware,50.0,25.0,Attack,0,False
2026-04-22 01:19:38,9,2,ransomware,51.12,27.58,Normal,0,False
2026-04-22 01:19:38,9,3,ransomware,50.23,25.28,Normal,0,False
2026-04-22 01:19:38,9,4,ransomware,49.46,31.12,Normal,0,False
2026-04-22 01:19:38,9,5,ransomware,49.89,24.86,Attack,0,False
2026-04-22 01:19:38,9,6,ransomware,49.02,29.97,Normal,0,False
2026-04-22 01:19:38,9,7,ransomware,48.81,23.59,Attack,0,False
2026-04-22 01:19:38,9,8,ransomware,48.32,24.6,Attack,0,False
2026-04-22 01:19:38,9,9,ransomware,48.68,25.19,Normal,0,False
2026-04-22 01:19:38,9,10,ransomware,47.79,24.84,Attack,0,False
2026-04-22 01:19:38,9,11,ransomware,48.64,27.01,Normal,0,False
2026-04-22 01:19:38,9,12,ransomware,47.54,28.35,Normal,0,False
2026-04-22 01:19:38,9,13,ransomware,47.05,25.26,Normal,0,False
2026-04-22 01:19:38,9,14,ransomware,48.78,22.06,Attack,0,False
2026-04-22 01:19:38,9,15,ransomware,48.78,23.3,Attack,0,False
2026-04-22 01:19:38,9,16,ransomware,47.69,23.02,Attack,0,False
2026-04-22 01:19:38,9,17,ransomware,46.77,24.66,Attack,0,False
2026-04-22 01:19:38,9,18,ransomware,47.58,25.96,Normal,0,False
2026-04-22 01:19:38,9,19,ransomware,46.87,24.73,Attack,0,False
2026-04-22 01:19:38,9,20,ransomware,46.43,21.09,Attack,0,False
2026-04-22 01:19:38,9,21,ransomware,46.5,23.63,Attack,0,False
2026-04-22 01:19:38,9,22,ransomware,46.8,22.69,Attack,0,False
2026-04-22 01:19:38,9,23,ransomware,46.75,27.08,Normal,0,False
2026-04-22 01:19:38,9,24,ransomware,47.15,24.34,Attack,0,False
2026-04-22 01:19:38,9,25,ransomware,45.96,30.95,Normal,0,False
2026-04-22 01:19:38,9,26,ransomware,44.61,23.25,Normal,0,False
2026-04-22 01:19:38,9,27,ransomware,43.83,99.0,Attack,0,True
2026-04-22 01:19:38,9,28,ransomware,44.42,99.0,Attack,0,True
2026-04-22 01:19:38,9,29,ransomware,45.09,99.0,Attack,0,True
2026-04-22 01:19:38,9,30,ransomware,43.75,99.0,Normal,0,True
2026-04-22 01:19:38,9,31,ransomware,44.46,99.0,Normal,0,True
2026-04-22 01:19:38,9,32,ransomware,43.89,99.0,Normal,0,True
2026-04-22 01:19:38,9,33,ransomware,43.18,99.0,Normal,0,True
2026-04-22 01:19:38,9,34,ransomware,43.25,99.0,Normal,0,True
2026-04-22 01:19:38,9,35,ransomware,43.0,99.0,Normal,0,True
2026-04-22 01:19:38,9,36,ransomware,43.02,99.0,Normal,0,True
2026-04-22 01:19:38,9,37,ransomware,42.88,99.0,Normal,0,True
2026-04-22 01:19:38,9,38,ransomware,44.06,99.0,Normal,0,True
2026-04-22 01:19:38,9,39,ransomware,44.48,99.0,Normal,0,True
2026-04-22 01:19:38,9,40,ransomware,43.96,99.0,Normal,0,True
2026-04-22 01:19:38,9,41,ransomware,44.0,99.0,Normal,0,True
2026-04-22 01:19:38,9,42,ransomware,44.37,99.0,Normal,0,True
2026-04-22 01:19:38,9,43,ransomware,43.85,99.0,Normal,0,True
2026-04-22 01:19:38,9,44,ransomware,43.76,99.0,Normal,0,True
2026-04-22 01:19:38,9,45,ransomware,44.52,99.0,Normal,0,True
2026-04-22 01:19:38,9,46,ransomware,45.25,99.0,Attack,0,True
2026-04-22 01:19:38,9,47,ransomware,45.25,99.0,Attack,0,True
2026-04-22 01:19:38,9,48,ransomware,46.01,99.0,Normal,0,True
2026-04-22 01:19:38,9,49,ransomware,46.09,99.0,Attack,0,True
2026-04-22 01:19:38,9,50,ransomware,45.69,99.0,Attack,0,True
2026-04-22 01:19:38,9,51,ransomware,46.56,99.0,Attack,0,True
2026-04-22 01:19:38,9,52,ransomware,47.07,99.0,Attack,0,True
2026-04-22 01:19:38,9,53,ransomware,48.54,99.0,Normal,0,True
2026-04-22 01:19:38,9,54,ransomware,48.5,99.0,Normal,0,True
2026-04-22 01:19:38,9,55,ransomware,49.84,99.0,Normal,0,True
2026-04-22 01:19:38,9,56,ransomware,50.14,99.0,Normal,0,True
2026-04-22 01:19:38,9,57,ransomware,50.4,99.0,Attack,0,True
2026-04-22 01:19:38,9,58,ransomware,49.86,99.0,Attack,0,True
2026-04-22 01:19:38,9,59,ransomware,49.88,99.0,Attack,0,True
2026-04-22 01:19:38,9,60,ransomware,50.61,99.0,Attack,0,True
2026-04-22 17:27:07,0,1,stealth_drain,50.0,25.0,Normal,1,False
2026-04-22 17:27:07,0,2,stealth_drain,50.39,21.52,Normal,1,False
2026-04-22 17:27:12,0,3,stealth_drain,49.75,21.07,Normal,1,False
2026-04-22 17:27:12,0,4,stealth_drain,50.03,26.58,Normal,1,False
2026-04-22 17:27:12,0,5,stealth_drain,49.6,26.33,Normal,1,False
2026-04-22 17:27:12,0,6,stealth_drain,51.17,27.66,Normal,1,False
2026-04-22 17:27:12,0,7,stealth_drain,50.59,22.21,Normal,1,False
2026-04-22 17:27:12,0,8,stealth_drain,51.24,24.2,Normal,1,False
2026-04-22 17:27:12,0,9,stealth_drain,51.6,24.93,Normal,1,False
2026-04-22 17:27:17,0,10,stealth_drain,52.39,21.65,Normal,1,False
2026-04-22 17:27:17,0,11,stealth_drain,52.6,23.19,Normal,1,False
2026-04-22 17:27:17,0,12,stealth_drain,52.74,24.64,Normal,1,False
2026-04-22 17:27:17,0,13,stealth_drain,52.92,26.01,Normal,1,False
2026-04-22 17:27:17,0,14,stealth_drain,53.51,25.36,Normal,1,False
2026-04-22 17:27:17,0,15,stealth_drain,54.47,23.64,Normal,1,False
2026-04-22 17:27:17,0,16,stealth_drain,54.62,24.78,Normal,1,False
2026-04-22 17:27:17,0,17,stealth_drain,53.55,24.26,Normal,1,False
2026-04-22 17:27:17,0,18,stealth_drain,52.6,26.72,Normal,1,False
2026-04-22 17:27:17,0,19,stealth_drain,53.62,29.9,Normal,1,False
2026-04-22 17:27:17,0,20,stealth_drain,53.78,27.97,Normal,1,False
2026-04-22 17:27:23,0,21,stealth_drain,54.43,22.69,Normal,1,False
2026-04-22 17:27:28,0,22,stealth_drain,55.14,27.92,Normal,1,False
2026-04-22 17:27:28,0,23,stealth_drain,55.34,19.2,Normal,1,False
2026-04-22 17:27:28,0,24,stealth_drain,55.55,22.58,Normal,1,False
2026-04-22 17:27:28,0,25,stealth_drain,54.91,28.13,Normal,1,False
2026-04-22 17:27:34,0,26,stealth_drain,53.63,25.33,Normal,1,False
2026-04-22 17:27:34,0,27,stealth_drain,52.31,27.7,Normal,1,False
2026-04-22 17:27:34,0,28,stealth_drain,51.99,28.51,Normal,1,False
2026-04-22 17:27:34,0,29,stealth_drain,50.79,26.33,Normal,1,False
2026-04-22 17:27:39,0,30,stealth_drain,50.54,30.92,Normal,1,False
2026-04-22 17:27:39,0,31,stealth_drain,50.31,20.75,Normal,1,False
2026-04-22 17:27:39,0,32,stealth_drain,51.1,30.5,Normal,1,False
2026-04-22 17:27:39,0,33,stealth_drain,51.78,23.81,Normal,1,False
2026-04-22 17:27:45,0,34,stealth_drain,52.78,21.82,Normal,1,False
2026-04-22 17:27:45,0,35,stealth_drain,54.72,29.3,Normal,1,False
2026-04-22 17:27:50,0,36,stealth_drain,54.35,19.96,Normal,1,False
2026-04-22 17:27:50,0,37,stealth_drain,55.21,23.56,Normal,1,False
2026-04-22 17:27:57,0,38,stealth_drain,55.13,22.77,Normal,1,False
2026-04-22 17:28:01,0,39,stealth_drain,49.49,27.48,Normal,1,False
2026-04-22 17:28:06,0,40,stealth_drain,45.8,25.33,Normal,1,False
2026-04-22 17:28:12,0,41,stealth_drain,42.26,20.17,Normal,1,False
2026-04-22 17:28:19,0,42,stealth_drain,37.19,25.31,Normal,1,False
2026-04-22 17:28:19,0,43,stealth_drain,37.93,23.1,Normal,1,False
2026-04-22 17:28:19,0,44,stealth_drain,36.87,20.13,Normal,1,False
2026-04-22 17:28:24,0,45,stealth_drain,36.62,18.36,Normal,1,False
2026-04-22 17:28:29,0,46,stealth_drain,37.06,28.49,Normal,1,False
2026-04-22 17:28:29,0,47,stealth_drain,36.72,22.0,Normal,1,False
2026-04-22 17:28:34,0,48,stealth_drain,35.8,26.92,Normal,1,False
2026-04-22 17:28:34,0,49,stealth_drain,34.17,29.21,Normal,1,False
2026-04-22 17:28:34,0,50,stealth_drain,35.4,23.96,Normal,1,False
2026-04-22 17:28:34,0,51,stealth_drain,35.42,23.87,Normal,1,False
2026-04-22 17:28:39,0,52,stealth_drain,35.86,28.4,Normal,1,False
2026-04-22 17:28:39,0,53,stealth_drain,37.39,28.67,Normal,1,False
2026-04-22 17:28:39,0,54,stealth_drain,37.05,23.6,Normal,1,False
2026-04-22 17:28:39,0,55,stealth_drain,37.05,25.96,Normal,1,False
2026-04-22 17:28:39,0,56,stealth_drain,37.37,26.14,Normal,1,False
2026-04-22 17:28:39,0,57,stealth_drain,37.27,23.04,Normal,1,False
2026-04-22 17:28:39,0,58,stealth_drain,38.41,30.34,Normal,1,False
2026-04-22 17:28:45,0,59,stealth_drain,38.61,29.09,Normal,1,False
2026-04-22 17:28:45,0,60,stealth_drain,39.74,23.31,Normal,1,False
2026-04-22 17:28:45,1,1,ransomware,50.0,25.0,Normal,1,False
2026-04-22 17:28:45,1,2,ransomware,49.71,26.66,Normal,1,False
2026-04-22 17:28:45,1,3,ransomware,47.47,21.63,Normal,1,False
2026-04-22 17:28:45,1,4,ransomware,47.52,23.25,Normal,1,False
2026-04-22 17:28:45,1,5,ransomware,46.34,27.08,Normal,1,False
2026-04-22 17:28:45,1,6,ransomware,46.34,20.91,Normal,1,False
2026-04-22 17:28:45,1,7,ransomware,47.15,22.71,Normal,1,False
2026-04-22 17:28:45,1,8,ransomware,46.89,27.27,Normal,1,False
2026-04-22 17:28:45,1,9,ransomware,46.42,28.85,Normal,1,False
2026-04-22 17:28:45,1,10,ransomware,46.39,26.56,Normal,1,False
2026-04-22 17:28:45,1,11,ransomware,46.53,25.09,Normal,1,False
2026-04-22 17:28:45,1,12,ransomware,46.43,24.75,Normal,1,False
2026-04-22 17:28:45,1,13,ransomware,45.66,17.45,Normal,1,False
2026-04-22 17:28:50,1,14,ransomware,44.8,24.03,Normal,1,False
2026-04-22 17:28:50,1,15,ransomware,43.99,26.4,Normal,1,False
2026-04-22 17:28:50,1,16,ransomware,45.44,25.39,Normal,1,False
2026-04-22 17:28:50,1,17,ransomware,44.49,27.54,Normal,1,False
2026-04-22 17:28:50,1,18,ransomware,43.68,26.63,Normal,1,False
2026-04-22 17:28:50,1,19,ransomware,44.84,22.37,Normal,1,False
2026-04-22 17:28:50,1,20,ransomware,45.21,28.32,Normal,1,False
2026-04-22 17:28:50,1,21,ransomware,45.57,25.29,Normal,1,False
2026-04-22 17:28:50,1,22,ransomware,45.62,28.16,Normal,1,False
2026-04-22 17:28:50,1,23,ransomware,45.71,25.41,Normal,1,False
2026-04-22 17:28:50,1,24,ransomware,46.41,25.8,Normal,1,False
2026-04-22 17:28:50,1,25,ransomware,46.92,21.92,Normal,1,False
2026-04-22 17:28:50,1,26,ransomware,46.96,23.09,Normal,1,False
2026-04-22 17:28:56,1,27,ransomware,46.04,30.51,Normal,1,False
2026-04-22 17:28:56,1,28,ransomware,45.4,99.0,Normal,1,False
2026-04-22 17:28:56,1,29,ransomware,42.25,24.58,Normal,1,False
2026-04-22 17:28:56,1,30,ransomware,38.8,24.64,Normal,1,False
2026-04-22 17:28:56,1,31,ransomware,38.6,24.77,Normal,1,False
2026-04-22 17:28:56,1,32,ransomware,40.36,27.79,Normal,1,False
2026-04-22 17:28:56,1,33,ransomware,40.23,25.18,Normal,1,False
2026-04-22 17:28:56,1,34,ransomware,39.6,29.18,Normal,1,False
2026-04-22 17:28:56,1,35,ransomware,39.07,26.45,Normal,1,False
2026-04-22 17:28:56,1,36,ransomware,39.57,25.71,Normal,1,False
2026-04-22 17:28:56,1,37,ransomware,38.51,21.85,Normal,1,False
2026-04-22 17:28:56,1,38,ransomware,38.98,22.25,Normal,1,False
2026-04-22 17:28:56,1,39,ransomware,37.71,27.01,Normal,1,False
2026-04-22 17:28:56,1,40,ransomware,38.03,22.08,Normal,1,False
2026-04-22 17:28:56,1,41,ransomware,38.39,23.5,Normal,1,False
2026-04-22 17:28:56,1,42,ransomware,37.83,29.21,Normal,1,False
2026-04-22 17:28:56,1,43,ransomware,38.17,28.67,Normal,1,False
2026-04-22 17:28:56,1,44,ransomware,38.06,22.97,Normal,1,False
2026-04-22 17:28:56,1,45,ransomware,38.76,22.5,Normal,1,False
2026-04-22 17:28:56,1,46,ransomware,39.73,27.89,Normal,1,False
2026-04-22 17:28:56,1,47,ransomware,38.67,20.57,Normal,1,False
2026-04-22 17:28:56,1,48,ransomware,39.52,29.39,Normal,1,False
2026-04-22 17:28:56,1,49,ransomware,39.29,24.58,Normal,1,False
2026-04-22 17:28:56,1,50,ransomware,39.64,23.27,Normal,1,False
2026-04-22 17:28:56,1,51,ransomware,41.53,20.1,Normal,1,False
2026-04-22 17:28:56,1,52,ransomware,41.84,28.64,Normal,1,False
2026-04-22 17:28:56,1,53,ransomware,42.09,27.01,Normal,1,False
2026-04-22 17:28:56,1,54,ransomware,41.19,21.69,Normal,1,False
2026-04-22 17:28:56,1,55,ransomware,41.15,28.36,Normal,1,False
2026-04-22 17:28:56,1,56,ransomware,41.7,34.48,Normal,1,False
2026-04-22 17:28:56,1,57,ransomware,40.39,18.15,Normal,1,False
2026-04-22 17:29:03,1,58,ransomware,39.54,24.98,Normal,1,False
2026-04-22 17:29:03,1,59,ransomware,37.66,35.18,Normal,1,False
2026-04-22 17:29:03,1,60,ransomware,37.35,21.55,Normal,1,False
2026-04-22 17:29:03,2,1,stealth_drain,50.0,25.0,Normal,1,False
2026-04-22 17:29:03,2,2,stealth_drain,49.63,21.49,Normal,1,False
2026-04-22 17:29:03,2,3,stealth_drain,49.79,28.6,Normal,1,False
2026-04-22 17:29:03,2,4,stealth_drain,50.63,26.21,Normal,1,False
2026-04-22 17:29:03,2,5,stealth_drain,50.95,25.7,Normal,1,False
2026-04-22 17:29:03,2,6,stealth_drain,50.43,28.1,Normal,1,False
2026-04-22 17:29:03,2,7,stealth_drain,50.79,27.15,Normal,1,False
2026-04-22 17:29:03,2,8,stealth_drain,52.18,22.72,Normal,1,False
2026-04-22 17:29:03,2,9,stealth_drain,51.42,23.61,Normal,1,False
2026-04-22 17:29:03,2,10,stealth_drain,51.04,20.89,Normal,1,False
2026-04-22 17:29:03,2,11,stealth_drain,51.7,27.77,Normal,1,False
2026-04-22 17:29:03,2,12,stealth_drain,52.22,26.04,Normal,1,False
2026-04-22 17:29:09,2,13,stealth_drain,53.58,24.24,Normal,1,False
2026-04-22 17:29:09,2,14,stealth_drain,49.66,27.56,Normal,1,False
2026-04-22 17:29:09,2,15,stealth_drain,47.38,27.2,Normal,1,False
2026-04-22 17:29:09,2,16,stealth_drain,43.84,27.02,Normal,1,False
2026-04-22 17:29:09,2,17,stealth_drain,40.34,24.27,Normal,1,False
2026-04-22 17:29:09,2,18,stealth_drain,36.38,26.8,Normal,1,False
2026-04-22 17:29:09,2,19,stealth_drain,36.87,26.19,Normal,1,False
2026-04-22 17:29:09,2,20,stealth_drain,38.14,18.41,Normal,1,False
2026-04-22 17:29:09,2,21,stealth_drain,38.53,25.05,Normal,1,False
2026-04-22 17:29:09,2,22,stealth_drain,38.82,27.04,Normal,1,False
2026-04-22 17:29:09,2,23,stealth_drain,40.0,21.62,Normal,1,False
2026-04-22 17:29:09,2,24,stealth_drain,40.63,30.94,Normal,1,False
2026-04-22 17:29:09,2,25,stealth_drain,40.89,24.48,Normal,1,False
2026-04-22 17:29:09,2,26,stealth_drain,41.8,28.75,Normal,1,False
2026-04-22 17:29:09,2,27,stealth_drain,41.88,27.13,Normal,1,False
2026-04-22 17:29:09,2,28,stealth_drain,42.34,24.9,Normal,1,False
2026-04-22 17:29:09,2,29,stealth_drain,42.81,21.9,Normal,1,False
2026-04-22 17:29:09,2,30,stealth_drain,41.21,28.09,Normal,1,False
2026-04-22 17:29:09,2,31,stealth_drain,41.13,22.34,Normal,1,False
2026-04-22 17:29:09,2,32,stealth_drain,41.91,26.99,Normal,1,False
2026-04-22 17:29:09,2,33,stealth_drain,43.09,28.44,Normal,1,False
2026-04-22 17:29:09,2,34,stealth_drain,42.54,28.09,Normal,1,False
2026-04-22 17:29:09,2,35,stealth_drain,44.33,33.42,Normal,1,False
2026-04-22 17:29:09,2,36,stealth_drain,44.62,23.8,Normal,1,False
2026-04-22 17:29:09,2,37,stealth_drain,45.38,26.97,Normal,1,False
2026-04-22 17:29:09,2,38,stealth_drain,45.27,18.4,Normal,1,False
2026-04-22 17:29:09,2,39,stealth_drain,45.06,30.96,Normal,1,False
2026-04-22 17:29:09,2,40,stealth_drain,44.24,29.01,Normal,1,False
2026-04-22 17:29:09,2,41,stealth_drain,44.14,25.08,Normal,1,False
2026-04-22 17:29:09,2,42,stealth_drain,43.11,25.58,Normal,1,False
2026-04-22 17:29:09,2,43,stealth_drain,42.99,25.39,Normal,1,False
2026-04-22 17:29:09,2,44,stealth_drain,44.53,21.26,Normal,1,False
2026-04-22 17:29:09,2,45,stealth_drain,45.7,26.47,Normal,1,False
2026-04-22 17:29:09,2,46,stealth_drain,46.93,25.16,Normal,1,False
2026-04-22 17:29:09,2,47,stealth_drain,47.39,26.42,Normal,1,False
2026-04-22 17:29:09,2,48,stealth_drain,48.49,24.7,Normal,1,False
2026-04-22 17:29:09,2,49,stealth_drain,47.76,30.93,Normal,1,False
2026-04-22 17:29:09,2,50,stealth_drain,48.07,24.07,Normal,1,False
2026-04-22 17:29:09,2,51,stealth_drain,47.17,25.44,Normal,1,False
2026-04-22 17:29:09,2,52,stealth_drain,47.88,25.97,Normal,1,False
2026-04-22 17:29:09,2,53,stealth_drain,47.66,27.18,Normal,1,False
2026-04-22 17:29:09,2,54,stealth_drain,47.37,24.9,Normal,1,False
2026-04-22 17:29:09,2,55,stealth_drain,48.07,23.75,Normal,1,False
2026-04-22 17:29:09,2,56,stealth_drain,47.22,26.55,Normal,1,False
2026-04-22 17:29:09,2,57,stealth_drain,47.19,21.38,Normal,1,False
2026-04-22 17:29:09,2,58,stealth_drain,46.61,27.52,Normal,1,False
2026-04-22 17:29:09,2,59,stealth_drain,45.99,29.08,Normal,1,False
2026-04-22 17:29:09,2,60,stealth_drain,47.2,21.4,Normal,1,False
2026-04-22 17:29:09,3,1,overflow,50.0,25.0,Normal,1,False
2026-04-22 17:29:09,3,2,overflow,50.45,22.75,Normal,1,False
2026-04-22 17:29:09,3,3,overflow,49.5,25.45,Normal,1,False
2026-04-22 17:29:09,3,4,overflow,48.92,22.95,Normal,1,False
2026-04-22 17:29:09,3,5,overflow,48.84,21.9,Normal,1,False
2026-04-22 17:29:09,3,6,overflow,48.16,24.2,Normal,1,False
2026-04-22 17:29:09,3,7,overflow,47.89,26.44,Normal,1,False
2026-04-22 17:29:09,3,8,overflow,47.55,21.85,Normal,1,False
2026-04-22 17:29:09,3,9,overflow,47.11,25.75,Normal,1,False
2026-04-22 17:29:09,3,10,overflow,46.74,23.95,Normal,1,False
2026-04-22 17:29:09,3,11,overflow,47.63,28.71,Normal,1,False
2026-04-22 17:29:09,3,12,overflow,47.44,23.98,Normal,1,False
2026-04-22 17:29:09,3,13,overflow,47.4,25.16,Normal,1,False
2026-04-22 17:29:15,3,14,overflow,48.45,22.67,Normal,1,False
2026-04-22 17:29:15,3,15,overflow,51.63,87.89,Normal,1,False
2026-04-22 17:29:15,3,16,overflow,51.39,32.4,Normal,1,False
2026-04-22 17:29:15,3,17,overflow,51.45,22.86,Normal,1,False
2026-04-22 17:29:15,3,18,overflow,50.88,32.49,Normal,1,False
2026-04-22 17:29:15,3,19,overflow,50.31,26.59,Normal,1,False
2026-04-22 17:29:15,3,20,overflow,51.13,26.68,Normal,1,False
2026-04-22 17:29:15,3,21,overflow,49.16,21.59,Normal,1,False
2026-04-22 17:29:15,3,22,overflow,48.64,28.99,Normal,1,False
2026-04-22 17:29:15,3,23,overflow,49.55,27.68,Normal,1,False
2026-04-22 17:29:15,3,24,overflow,48.93,24.68,Normal,1,False
2026-04-22 17:29:15,3,25,overflow,49.73,29.72,Normal,1,False
2026-04-22 17:29:15,3,26,overflow,50.6,25.14,Normal,1,False
2026-04-22 17:29:15,3,27,overflow,50.78,26.05,Normal,1,False
2026-04-22 17:29:15,3,28,overflow,49.32,24.81,Normal,1,False
2026-04-22 17:29:15,3,29,overflow,49.73,24.29,Normal,1,False
2026-04-22 17:29:15,3,30,overflow,50.61,29.82,Normal,1,False
2026-04-22 17:29:15,3,31,overflow,50.42,24.97,Normal,1,False
2026-04-22 17:29:15,3,32,overflow,51.5,23.12,Normal,1,False
2026-04-22 17:29:15,3,33,overflow,51.94,25.83,Normal,1,False
2026-04-22 17:29:15,3,34,overflow,52.15,25.18,Normal,1,False
2026-04-22 17:29:15,3,35,overflow,51.24,25.57,Normal,1,False
2026-04-22 17:29:15,3,36,overflow,52.18,25.36,Normal,1,False
2026-04-22 17:29:15,3,37,overflow,53.28,17.73,Normal,1,False
2026-04-22 17:29:15,3,38,overflow,53.03,25.57,Normal,1,False
2026-04-22 17:29:15,3,39,overflow,52.52,23.5,Normal,1,False
2026-04-22 17:29:15,3,40,overflow,52.96,27.82,Normal,1,False
2026-04-22 17:29:15,3,41,overflow,52.75,26.38,Normal,1,False
2026-04-22 17:29:15,3,42,overflow,53.09,21.85,Normal,1,False
2026-04-22 17:29:15,3,43,overflow,53.19,24.95,Normal,1,False
2026-04-22 17:29:15,3,44,overflow,52.62,24.27,Normal,1,False
2026-04-22 17:29:15,3,45,overflow,52.49,25.89,Normal,1,False
2026-04-22 17:29:15,3,46,overflow,53.13,24.98,Normal,1,False
2026-04-22 17:29:15,3,47,overflow,52.35,26.05,Normal,1,False
2026-04-22 17:29:15,3,48,overflow,52.92,25.17,Normal,1,False
2026-04-22 17:29:15,3,49,overflow,53.68,25.41,Normal,1,False
2026-04-22 17:29:15,3,50,overflow,53.86,19.2,Normal,1,False
2026-04-22 17:29:15,3,51,overflow,55.06,19.73,Normal,1,False
2026-04-22 17:29:15,3,52,overflow,54.94,21.3,Normal,1,False
2026-04-22 17:29:15,3,53,overflow,54.59,28.39,Normal,1,False
2026-04-22 17:29:21,3,54,overflow,55.07,23.01,Normal,1,False
2026-04-22 17:29:21,3,55,overflow,55.76,26.1,Normal,1,False
2026-04-22 17:29:21,3,56,overflow,56.06,21.7,Normal,1,False
2026-04-22 17:29:21,3,57,overflow,55.01,28.28,Normal,1,False
2026-04-22 17:29:21,3,58,overflow,56.21,28.45,Normal,1,False
2026-04-22 17:29:21,3,59,overflow,55.75,26.99,Normal,1,False
2026-04-22 17:29:21,3,60,overflow,54.38,27.57,Normal,1,False
2026-04-22 17:29:21,4,1,ransomware,50.0,25.0,Normal,1,False
2026-04-22 17:29:21,4,2,ransomware,50.26,23.29,Normal,1,False
2026-04-22 17:29:21,4,3,ransomware,49.65,28.06,Normal,1,False
2026-04-22 17:29:21,4,4,ransomware,49.84,21.73,Normal,1,False
2026-04-22 17:29:21,4,5,ransomware,50.42,30.36,Normal,1,False
2026-04-22 17:29:21,4,6,ransomware,50.27,19.76,Normal,1,False
2026-04-22 17:29:21,4,7,ransomware,50.99,20.84,Normal,1,False
2026-04-22 17:29:21,4,8,ransomware,50.77,25.44,Normal,1,False
2026-04-22 17:29:21,4,9,ransomware,50.55,24.77,Normal,1,False
2026-04-22 17:29:21,4,10,ransomware,50.27,21.72,Normal,1,False
2026-04-22 17:29:21,4,11,ransomware,49.85,28.38,Normal,1,False
2026-04-22 17:29:21,4,12,ransomware,50.46,23.65,Normal,1,False
2026-04-22 17:29:21,4,13,ransomware,50.59,22.34,Normal,1,False
2026-04-22 17:29:21,4,14,ransomware,50.24,25.2,Normal,1,False
2026-04-22 17:29:21,4,15,ransomware,49.85,27.88,Normal,1,False
2026-04-22 17:29:21,4,16,ransomware,50.36,23.2,Normal,1,False
2026-04-22 17:29:21,4,17,ransomware,51.06,21.96,Normal,1,False
2026-04-22 17:29:27,4,18,ransomware,51.58,99.0,Normal,1,False
2026-04-22 17:29:27,4,19,ransomware,49.87,22.68,Normal,1,False
2026-04-22 17:29:27,4,20,ransomware,47.32,26.54,Normal,1,False
2026-04-22 17:29:27,4,21,ransomware,44.34,18.4,Normal,1,False
2026-04-22 17:29:27,4,22,ransomware,40.25,22.49,Normal,1,False
2026-04-22 17:29:27,4,23,ransomware,37.8,19.69,Normal,1,False
2026-04-22 17:29:27,4,24,ransomware,38.95,24.14,Normal,1,False
2026-04-22 17:29:27,4,25,ransomware,40.27,27.48,Normal,1,False
2026-04-22 17:29:27,4,26,ransomware,40.96,31.92,Normal,1,False
2026-04-22 17:29:27,4,27,ransomware,39.68,25.3,Normal,1,False
2026-04-22 17:29:27,4,28,ransomware,39.28,28.27,Normal,1,False
2026-04-22 17:29:27,4,29,ransomware,38.62,19.1,Normal,1,False
2026-04-22 17:29:27,4,30,ransomware,38.26,22.98,Normal,1,False
2026-04-22 17:29:27,4,31,ransomware,38.6,24.11,Normal,1,False
2026-04-22 17:29:27,4,32,ransomware,38.79,17.41,Normal,1,False
2026-04-22 17:29:27,4,33,ransomware,37.36,19.72,Normal,1,False
2026-04-22 17:29:27,4,34,ransomware,36.39,21.04,Normal,1,False
2026-04-22 17:29:27,4,35,ransomware,37.31,24.64,Normal,1,False
2026-04-22 17:29:27,4,36,ransomware,37.27,21.67,Normal,1,False
2026-04-22 17:29:33,4,37,ransomware,36.06,22.89,Normal,1,False
2026-04-22 17:29:33,4,38,ransomware,34.51,28.07,Normal,1,False
2026-04-22 17:29:38,4,39,ransomware,34.4,27.15,Normal,1,False
2026-04-22 17:29:38,4,40,ransomware,34.88,22.78,Normal,1,False
2026-04-22 17:29:38,4,41,ransomware,34.42,30.32,Normal,1,False
2026-04-22 17:29:38,4,42,ransomware,34.01,25.29,Normal,1,False
2026-04-22 17:29:43,4,43,ransomware,34.63,25.83,Normal,1,False
2026-04-22 17:29:43,4,44,ransomware,34.4,22.59,Normal,1,False
2026-04-22 17:29:43,4,45,ransomware,34.12,28.3,Normal,1,False
2026-04-22 17:29:43,4,46,ransomware,34.6,21.38,Normal,1,False
2026-04-22 17:29:43,4,47,ransomware,34.29,22.12,Normal,1,False
2026-04-22 17:29:43,4,48,ransomware,34.47,23.92,Normal,1,False
2026-04-22 17:29:43,4,49,ransomware,33.29,29.49,Normal,1,False
2026-04-22 17:29:43,4,50,ransomware,32.74,22.68,Normal,1,False
2026-04-22 17:29:43,4,51,ransomware,33.3,26.08,Normal,1,False
2026-04-22 17:29:43,4,52,ransomware,34.35,19.75,Normal,1,False
2026-04-22 17:29:43,4,53,ransomware,34.77,23.12,Normal,1,False
2026-04-22 17:29:43,4,54,ransomware,35.53,24.54,Normal,1,False
2026-04-22 17:29:43,4,55,ransomware,36.17,26.09,Normal,1,False
2026-04-22 17:29:43,4,56,ransomware,35.21,28.89,Normal,1,False
2026-04-22 17:29:43,4,57,ransomware,33.61,26.4,Normal,1,False
2026-04-22 17:29:43,4,58,ransomware,32.97,29.59,Normal,1,False
2026-04-22 17:29:43,4,59,ransomware,34.06,24.46,Normal,1,False
2026-04-22 17:29:43,4,60,ransomware,33.9,26.27,Normal,1,False
2026-04-22 17:29:43,5,1,overflow,50.0,25.0,Normal,1,False
2026-04-22 17:29:43,5,2,overflow,51.23,24.97,Normal,1,False
2026-04-22 17:29:43,5,3,overflow,52.41,23.52,Normal,1,False
2026-04-22 17:29:43,5,4,overflow,53.54,24.86,Normal,1,False
2026-04-22 17:29:43,5,5,overflow,52.68,31.2,Normal,1,False
2026-04-22 17:29:43,5,6,overflow,52.45,26.1,Normal,1,False
2026-04-22 17:29:43,5,7,overflow,53.01,19.93,Normal,1,False
2026-04-22 17:29:43,5,8,overflow,52.41,29.8,Normal,1,False
2026-04-22 17:29:43,5,9,overflow,50.87,21.02,Normal,1,False
2026-04-22 17:29:43,5,10,overflow,49.45,18.07,Normal,1,False
2026-04-22 17:29:43,5,11,overflow,49.47,26.23,Normal,1,False
2026-04-22 17:29:43,5,12,overflow,50.12,29.41,Normal,1,False
2026-04-22 17:29:43,5,13,overflow,50.54,27.24,Normal,1,False
2026-04-22 17:29:49,5,14,overflow,50.47,27.16,Normal,1,False
2026-04-22 17:29:49,5,15,overflow,53.87,99.45,Normal,1,False
2026-04-22 17:29:49,5,16,overflow,54.53,22.39,Normal,1,False
2026-04-22 17:29:49,5,17,overflow,55.05,27.26,Normal,1,False
2026-04-22 17:29:49,5,18,overflow,55.52,15.9,Normal,1,False
2026-04-22 17:29:49,5,19,overflow,56.7,25.65,Normal,1,False
2026-04-22 17:29:49,5,20,overflow,56.98,21.06,Normal,1,False
2026-04-22 17:29:49,5,21,overflow,57.5,23.86,Normal,1,False
2026-04-22 17:29:49,5,22,overflow,57.61,26.65,Normal,1,False
2026-04-22 17:29:49,5,23,overflow,56.75,25.95,Normal,1,False
2026-04-22 17:29:49,5,24,overflow,58.25,20.63,Normal,1,False
2026-04-22 17:29:49,5,25,overflow,57.71,26.63,Normal,1,False
2026-04-22 17:29:49,5,26,overflow,58.83,27.27,Normal,1,False
2026-04-22 17:29:49,5,27,overflow,59.64,21.16,Normal,1,False
2026-04-22 17:29:49,5,28,overflow,59.33,24.5,Normal,1,False
2026-04-22 17:29:49,5,29,overflow,58.66,26.2,Normal,1,False
2026-04-22 17:29:49,5,30,overflow,59.73,30.38,Normal,1,False
2026-04-22 17:29:49,5,31,overflow,59.29,24.85,Normal,1,False
2026-04-22 17:29:49,5,32,overflow,59.9,21.5,Normal,1,False
2026-04-22 17:29:49,5,33,overflow,58.78,29.11,Normal,1,False
2026-04-22 17:29:49,5,34,overflow,58.56,29.44,Normal,1,False
2026-04-22 17:29:49,5,35,overflow,58.67,23.36,Normal,1,False
2026-04-22 17:29:55,5,36,overflow,58.12,26.77,Normal,1,False
2026-04-22 17:30:01,5,37,overflow,56.61,19.85,Normal,1,False
2026-04-22 17:30:01,5,38,overflow,55.12,25.59,Normal,1,False
2026-04-22 17:30:01,5,39,overflow,55.51,21.55,Normal,1,False
2026-04-22 17:30:01,5,40,overflow,55.64,26.99,Normal,1,False
2026-04-22 17:30:01,5,41,overflow,56.62,24.35,Normal,1,False
2026-04-22 17:30:01,5,42,overflow,55.06,27.26,Normal,1,False
2026-04-22 17:30:01,5,43,overflow,55.95,24.6,Normal,1,False
2026-04-22 17:30:01,5,44,overflow,55.36,22.15,Normal,1,False
2026-04-22 17:30:01,5,45,overflow,54.35,27.52,Normal,1,False
2026-04-22 17:30:01,5,46,overflow,52.46,23.81,Normal,1,False
2026-04-22 17:30:01,5,47,overflow,53.48,27.34,Normal,1,False
2026-04-22 17:30:01,5,48,overflow,52.57,27.94,Normal,1,False
2026-04-22 17:30:01,5,49,overflow,52.46,24.1,Normal,1,False
2026-04-22 17:30:01,5,50,overflow,51.48,22.13,Normal,1,False
2026-04-22 17:30:01,5,51,overflow,51.5,22.98,Normal,1,False
2026-04-22 17:30:01,5,52,overflow,51.78,20.14,Normal,1,False
2026-04-22 17:30:01,5,53,overflow,51.46,27.29,Normal,1,False
2026-04-22 17:30:01,5,54,overflow,51.78,22.46,Normal,1,False
2026-04-22 17:30:01,5,55,overflow,52.58,28.16,Normal,1,False
2026-04-22 17:30:01,5,56,overflow,52.24,22.76,Normal,1,False
2026-04-22 17:30:01,5,57,overflow,52.87,20.78,Normal,1,False
2026-04-22 17:30:01,5,58,overflow,54.42,21.59,Normal,1,False
2026-04-22 17:30:01,5,59,overflow,54.64,31.57,Normal,1,False
2026-04-22 17:30:01,5,60,overflow,56.4,24.79,Normal,1,False
2026-04-22 17:30:01,6,1,stealth_drain,50.0,25.0,Normal,1,False
2026-04-22 17:30:01,6,2,stealth_drain,51.14,24.59,Normal,1,False
2026-04-22 17:30:01,6,3,stealth_drain,51.86,24.02,Normal,1,False
2026-04-22 17:30:01,6,4,stealth_drain,51.75,27.37,Normal,1,False
2026-04-22 17:30:01,6,5,stealth_drain,50.18,21.93,Normal,1,False
2026-04-22 17:30:01,6,6,stealth_drain,49.24,22.38,Normal,1,False
2026-04-22 17:30:01,6,7,stealth_drain,49.05,27.82,Normal,1,False
2026-04-22 17:30:01,6,8,stealth_drain,48.83,25.93,Normal,1,False
2026-04-22 17:30:01,6,9,stealth_drain,47.97,26.54,Normal,1,False
2026-04-22 17:30:01,6,10,stealth_drain,49.65,23.83,Normal,1,False
2026-04-22 17:30:01,6,11,stealth_drain,50.92,27.55,Normal,1,False
2026-04-22 17:30:01,6,12,stealth_drain,50.94,25.98,Normal,1,False
2026-04-22 17:30:01,6,13,stealth_drain,50.77,26.86,Normal,1,False
2026-04-22 17:30:01,6,14,stealth_drain,51.74,20.06,Normal,1,False
2026-04-22 17:30:01,6,15,stealth_drain,53.23,27.12,Normal,1,False
2026-04-22 17:30:01,6,16,stealth_drain,54.39,23.44,Normal,1,False
2026-04-22 17:30:01,6,17,stealth_drain,54.65,29.45,Normal,1,False
2026-04-22 17:30:01,6,18,stealth_drain,56.19,20.07,Normal,1,False
2026-04-22 17:30:01,6,19,stealth_drain,56.45,28.14,Normal,1,False
2026-04-22 17:30:01,6,20,stealth_drain,56.89,26.74,Normal,1,False
2026-04-22 17:30:01,6,21,stealth_drain,57.37,33.24,Normal,1,False
2026-04-22 17:30:01,6,22,stealth_drain,55.86,27.88,Normal,1,False
2026-04-22 17:30:01,6,23,stealth_drain,56.44,29.01,Normal,1,False
2026-04-22 17:30:01,6,24,stealth_drain,56.05,23.87,Normal,1,False
2026-04-22 17:30:01,6,25,stealth_drain,52.86,30.45,Normal,1,False
2026-04-22 17:30:08,6,26,stealth_drain,50.39,27.15,Normal,1,False
2026-04-22 17:30:08,6,27,stealth_drain,46.82,24.27,Normal,1,False
2026-04-22 17:30:08,6,28,stealth_drain,43.79,26.98,Normal,1,False
2026-04-22 17:30:08,6,29,stealth_drain,41.58,18.84,Normal,1,False
2026-04-22 17:30:08,6,30,stealth_drain,37.77,27.88,Normal,1,False
2026-04-22 17:30:08,6,31,stealth_drain,39.39,26.91,Normal,1,False
2026-04-22 17:30:08,6,32,stealth_drain,39.8,21.21,Normal,1,False
2026-04-22 17:30:08,6,33,stealth_drain,40.77,27.98,Normal,1,False
2026-04-22 17:30:08,6,34,stealth_drain,40.78,24.42,Normal,1,False
2026-04-22 17:30:08,6,35,stealth_drain,41.13,19.63,Normal,1,False
2026-04-22 17:30:08,6,36,stealth_drain,41.92,23.98,Normal,1,False
2026-04-22 17:30:08,6,37,stealth_drain,42.61,18.53,Normal,1,False
2026-04-22 17:30:08,6,38,stealth_drain,43.61,25.5,Normal,1,False
2026-04-22 17:30:08,6,39,stealth_drain,44.53,27.54,Normal,1,False
2026-04-22 17:30:08,6,40,stealth_drain,44.06,27.28,Normal,1,False
2026-04-22 17:30:08,6,41,stealth_drain,44.47,20.81,Normal,1,False
2026-04-22 17:30:08,6,42,stealth_drain,43.31,23.44,Normal,1,False
2026-04-22 17:30:08,6,43,stealth_drain,42.77,23.51,Normal,1,False
2026-04-22 17:30:08,6,44,stealth_drain,42.96,23.01,Normal,1,False
2026-04-22 17:30:08,6,45,stealth_drain,43.03,23.55,Normal,1,False
2026-04-22 17:30:08,6,46,stealth_drain,42.73,27.56,Normal,1,False
2026-04-22 17:30:08,6,47,stealth_drain,41.96,28.02,Normal,1,False
2026-04-22 17:30:08,6,48,stealth_drain,43.01,25.92,Normal,1,False
2026-04-22 17:30:08,6,49,stealth_drain,44.43,31.77,Normal,1,False
2026-04-22 17:30:08,6,50,stealth_drain,44.1,23.35,Normal,1,False
2026-04-22 17:30:08,6,51,stealth_drain,42.33,21.01,Normal,1,False
2026-04-22 17:30:08,6,52,stealth_drain,42.53,21.18,Normal,1,False
2026-04-22 17:30:08,6,53,stealth_drain,42.28,22.97,Normal,1,False
2026-04-22 17:30:08,6,54,stealth_drain,41.99,27.58,Normal,1,False
2026-04-22 17:30:08,6,55,stealth_drain,42.45,23.97,Normal,1,False
2026-04-22 17:30:08,6,56,stealth_drain,43.36,26.3,Normal,1,False
2026-04-22 17:30:08,6,57,stealth_drain,43.21,25.01,Normal,1,False
2026-04-22 17:30:08,6,58,stealth_drain,41.59,28.37,Normal,1,False
2026-04-22 17:30:08,6,59,stealth_drain,42.02,22.15,Normal,1,False
2026-04-22 17:30:08,6,60,stealth_drain,42.7,25.14,Normal,1,False
2026-04-22 17:30:08,7,1,stealth_drain,50.0,25.0,Normal,1,False
2026-04-22 17:30:08,7,2,stealth_drain,50.16,21.73,Normal,1,False
2026-04-22 17:30:08,7,3,stealth_drain,49.57,24.99,Normal,1,False
2026-04-22 17:30:08,7,4,stealth_drain,49.21,23.49,Normal,1,False
2026-04-22 17:30:08,7,5,stealth_drain,49.4,21.22,Normal,1,False
2026-04-22 17:30:08,7,6,stealth_drain,48.98,22.76,Normal,1,False
2026-04-22 17:30:08,7,7,stealth_drain,48.34,28.09,Normal,1,False
2026-04-22 17:30:08,7,8,stealth_drain,47.24,27.91,Normal,1,False
2026-04-22 17:30:08,7,9,stealth_drain,46.73,23.32,Normal,1,False
2026-04-22 17:30:08,7,10,stealth_drain,46.31,24.57,Normal,1,False
2026-04-22 17:30:08,7,11,stealth_drain,45.68,28.49,Normal,1,False
2026-04-22 17:30:08,7,12,stealth_drain,45.04,27.34,Normal,1,False
2026-04-22 17:30:08,7,13,stealth_drain,45.22,24.21,Normal,1,False
2026-04-22 17:30:13,7,14,stealth_drain,45.11,27.07,Normal,1,False
2026-04-22 17:30:13,7,15,stealth_drain,42.3,26.55,Normal,1,False
2026-04-22 17:30:13,7,16,stealth_drain,40.93,25.93,Normal,1,False
2026-04-22 17:30:13,7,17,stealth_drain,38.88,26.2,Normal,1,False
2026-04-22 17:30:13,7,18,stealth_drain,38.27,24.69,Normal,1,False
2026-04-22 17:30:13,7,19,stealth_drain,38.64,31.59,Normal,1,False
2026-04-22 17:30:13,7,20,stealth_drain,38.2,27.2,Normal,1,False
2026-04-22 17:30:13,7,21,stealth_drain,38.64,23.4,Normal,1,False
2026-04-22 17:30:13,7,22,stealth_drain,39.54,28.5,Normal,1,False
2026-04-22 17:30:13,7,23,stealth_drain,39.45,23.65,Normal,1,False
2026-04-22 17:30:13,7,24,stealth_drain,39.98,30.48,Normal,1,False
2026-04-22 17:30:13,7,25,stealth_drain,39.71,27.17,Normal,1,False
2026-04-22 17:30:13,7,26,stealth_drain,40.86,22.88,Normal,1,False
2026-04-22 17:30:13,7,27,stealth_drain,40.53,25.07,Normal,1,False
2026-04-22 17:30:13,7,28,stealth_drain,40.28,26.75,Normal,1,False
2026-04-22 17:30:13,7,29,stealth_drain,40.29,26.86,Normal,1,False
2026-04-22 17:30:13,7,30,stealth_drain,39.82,21.32,Normal,1,False
2026-04-22 17:30:13,7,31,stealth_drain,39.42,22.6,Normal,1,False
2026-04-22 17:30:13,7,32,stealth_drain,38.86,25.69,Normal,1,False
2026-04-22 17:30:13,7,33,stealth_drain,38.4,25.01,Normal,1,False
2026-04-22 17:30:13,7,34,stealth_drain,39.02,26.9,Normal,1,False
2026-04-22 17:30:13,7,35,stealth_drain,38.35,21.02,Normal,1,False
2026-04-22 17:30:13,7,36,stealth_drain,36.69,25.24,Normal,1,False
2026-04-22 17:30:13,7,37,stealth_drain,36.1,27.31,Normal,1,False
2026-04-22 17:30:13,7,38,stealth_drain,36.08,27.69,Normal,1,False
2026-04-22 17:30:13,7,39,stealth_drain,37.4,24.11,Normal,1,False
2026-04-22 17:30:13,7,40,stealth_drain,38.04,33.39,Normal,1,False
2026-04-22 17:30:13,7,41,stealth_drain,37.68,27.15,Normal,1,False
2026-04-22 17:30:13,7,42,stealth_drain,38.73,30.87,Normal,1,False
2026-04-22 17:30:13,7,43,stealth_drain,38.62,25.8,Normal,1,False
2026-04-22 17:30:13,7,44,stealth_drain,39.31,25.87,Normal,1,False
2026-04-22 17:30:13,7,45,stealth_drain,39.28,26.16,Normal,1,False
2026-04-22 17:30:13,7,46,stealth_drain,39.14,29.17,Normal,1,False
2026-04-22 17:30:13,7,47,stealth_drain,40.23,29.32,Normal,1,False
2026-04-22 17:30:13,7,48,stealth_drain,39.38,25.75,Normal,1,False
2026-04-22 17:30:13,7,49,stealth_drain,40.23,24.95,Normal,1,False
2026-04-22 17:30:13,7,50,stealth_drain,39.76,22.88,Normal,1,False
2026-04-22 17:30:13,7,51,stealth_drain,39.81,22.55,Normal,1,False
2026-04-22 17:30:13,7,52,stealth_drain,39.36,23.51,Normal,1,False
2026-04-22 17:30:13,7,53,stealth_drain,40.85,28.99,Normal,1,False
2026-04-22 17:30:13,7,54,stealth_drain,41.3,25.38,Normal,1,False
2026-04-22 17:30:13,7,55,stealth_drain,42.14,24.53,Normal,1,False
2026-04-22 17:30:13,7,56,stealth_drain,42.13,23.64,Normal,1,False
2026-04-22 17:30:13,7,57,stealth_drain,42.86,26.14,Normal,1,False
2026-04-22 17:30:13,7,58,stealth_drain,41.58,25.06,Normal,1,False
2026-04-22 17:30:13,7,59,stealth_drain,40.07,25.46,Normal,1,False
2026-04-22 17:30:13,7,60,stealth_drain,39.52,24.99,Normal,1,False
2026-04-22 17:30:13,8,1,stealth_drain,50.0,25.0,Normal,1,False
2026-04-22 17:30:13,8,2,stealth_drain,49.94,24.91,Normal,1,False
2026-04-22 17:30:13,8,3,stealth_drain,49.7,26.91,Normal,1,False
2026-04-22 17:30:13,8,4,stealth_drain,50.43,24.25,Normal,1,False
2026-04-22 17:30:13,8,5,stealth_drain,50.41,20.36,Normal,1,False
2026-04-22 17:30:13,8,6,stealth_drain,51.65,25.25,Normal,1,False
2026-04-22 17:30:13,8,7,stealth_drain,52.72,23.52,Normal,1,False
2026-04-22 17:30:13,8,8,stealth_drain,52.27,21.2,Normal,1,False
2026-04-22 17:30:13,8,9,stealth_drain,50.96,21.02,Normal,1,False
2026-04-22 17:30:13,8,10,stealth_drain,49.65,25.34,Normal,1,False
2026-04-22 17:30:13,8,11,stealth_drain,49.77,21.35,Normal,1,False
2026-04-22 17:30:13,8,12,stealth_drain,50.78,25.62,Normal,1,False
2026-04-22 17:30:13,8,13,stealth_drain,49.93,22.93,Normal,1,False
2026-04-22 17:30:13,8,14,stealth_drain,47.3,25.62,Normal,1,False
2026-04-22 17:30:13,8,15,stealth_drain,43.24,22.09,Normal,1,False
2026-04-22 17:30:13,8,16,stealth_drain,40.71,28.15,Normal,1,False
2026-04-22 17:30:13,8,17,stealth_drain,38.05,22.05,Normal,1,False
2026-04-22 17:30:13,8,18,stealth_drain,37.89,23.15,Normal,1,False
2026-04-22 17:30:13,8,19,stealth_drain,37.32,27.0,Normal,1,False
2026-04-22 17:30:13,8,20,stealth_drain,37.02,30.34,Normal,1,False
2026-04-22 17:30:13,8,21,stealth_drain,37.19,29.14,Normal,1,False
2026-04-22 17:30:13,8,22,stealth_drain,37.54,24.89,Normal,1,False
2026-04-22 17:30:13,8,23,stealth_drain,39.1,25.12,Normal,1,False
2026-04-22 17:30:13,8,24,stealth_drain,39.26,25.16,Normal,1,False
2026-04-22 17:30:13,8,25,stealth_drain,37.94,26.64,Normal,1,False
2026-04-22 17:30:13,8,26,stealth_drain,38.07,24.36,Normal,1,False
2026-04-22 17:30:13,8,27,stealth_drain,37.55,29.12,Normal,1,False
2026-04-22 17:30:13,8,28,stealth_drain,36.66,24.27,Normal,1,False
2026-04-22 17:30:13,8,29,stealth_drain,36.44,22.48,Normal,1,False
2026-04-22 17:30:13,8,30,stealth_drain,37.38,25.22,Normal,1,False
2026-04-22 17:30:13,8,31,stealth_drain,36.98,27.69,Normal,1,False
2026-04-22 17:30:13,8,32,stealth_drain,37.37,23.29,Normal,1,False
2026-04-22 17:30:13,8,33,stealth_drain,37.77,26.34,Normal,1,False
2026-04-22 17:30:13,8,34,stealth_drain,37.6,23.12,Normal,1,False
2026-04-22 17:30:13,8,35,stealth_drain,37.26,24.23,Normal,1,False
2026-04-22 17:30:13,8,36,stealth_drain,37.72,23.76,Normal,1,False
2026-04-22 17:30:13,8,37,stealth_drain,37.37,19.14,Normal,1,False
2026-04-22 17:30:13,8,38,stealth_drain,37.48,19.1,Normal,1,False
2026-04-22 17:30:13,8,39,stealth_drain,38.06,26.45,Normal,1,False
2026-04-22 17:30:13,8,40,stealth_drain,38.93,21.33,Normal,1,False
2026-04-22 17:30:13,8,41,stealth_drain,38.88,23.02,Normal,1,False
2026-04-22 17:30:13,8,42,stealth_drain,38.92,29.46,Normal,1,False
2026-04-22 17:30:13,8,43,stealth_drain,38.9,29.3,Normal,1,False
2026-04-22 17:30:13,8,44,stealth_drain,39.61,25.64,Normal,1,False
2026-04-22 17:30:13,8,45,stealth_drain,39.53,24.33,Normal,1,False
2026-04-22 17:30:13,8,46,stealth_drain,39.28,23.5,Normal,1,False
2026-04-22 17:30:13,8,47,stealth_drain,40.33,20.32,Normal,1,False
2026-04-22 17:30:13,8,48,stealth_drain,41.3,24.21,Normal,1,False
2026-04-22 17:30:13,8,49,stealth_drain,40.13,30.68,Normal,1,False
2026-04-22 17:30:13,8,50,stealth_drain,40.11,28.61,Normal,1,False
2026-04-22 17:30:13,8,51,stealth_drain,39.87,23.98,Normal,1,False
2026-04-22 17:30:13,8,52,stealth_drain,38.27,22.1,Normal,1,False
2026-04-22 17:30:13,8,53,stealth_drain,38.91,33.06,Normal,1,False
2026-04-22 17:30:13,8,54,stealth_drain,38.98,24.85,Normal,1,False
2026-04-22 17:30:13,8,55,stealth_drain,38.52,20.18,Normal,1,False
2026-04-22 17:30:13,8,56,stealth_drain,38.37,22.94,Normal,1,False
2026-04-22 17:30:13,8,57,stealth_drain,38.93,22.53,Normal,1,False
2026-04-22 17:30:13,8,58,stealth_drain,38.38,27.6,Normal,1,False
2026-04-22 17:30:13,8,59,stealth_drain,38.26,24.61,Normal,1,False
2026-04-22 17:30:13,8,60,stealth_drain,37.55,23.82,Normal,1,False
2026-04-22 17:30:13,9,1,ransomware,50.0,25.0,Normal,1,False
2026-04-22 17:30:13,9,2,ransomware,49.43,22.8,Normal,1,False
2026-04-22 17:30:13,9,3,ransomware,49.4,29.45,Normal,1,False
2026-04-22 17:30:13,9,4,ransomware,49.41,28.45,Normal,1,False
2026-04-22 17:30:13,9,5,ransomware,50.64,24.56,Normal,1,False
2026-04-22 17:30:13,9,6,ransomware,50.0,24.81,Normal,1,False
2026-04-22 17:30:13,9,7,ransomware,49.47,27.63,Normal,1,False
2026-04-22 17:30:13,9,8,ransomware,49.56,18.16,Normal,1,False
2026-04-22 17:30:13,9,9,ransomware,48.8,20.28,Normal,1,False
2026-04-22 17:30:13,9,10,ransomware,47.57,24.11,Normal,1,False
2026-04-22 17:30:13,9,11,ransomware,46.24,28.37,Normal,1,False
2026-04-22 17:30:13,9,12,ransomware,45.75,23.64,Normal,1,False
2026-04-22 17:30:13,9,13,ransomware,46.67,26.65,Normal,1,False
2026-04-22 17:30:13,9,14,ransomware,46.22,31.19,Normal,1,False
2026-04-22 17:30:13,9,15,ransomware,47.24,29.03,Normal,1,False
2026-04-22 17:30:13,9,16,ransomware,48.25,27.0,Normal,1,False
2026-04-22 17:30:13,9,17,ransomware,48.16,25.55,Normal,1,False
2026-04-22 17:30:13,9,18,ransomware,48.63,18.98,Normal,1,False
2026-04-22 17:30:13,9,19,ransomware,48.59,25.37,Normal,1,False
2026-04-22 17:30:13,9,20,ransomware,47.57,24.2,Normal,1,False
2026-04-22 17:30:13,9,21,ransomware,48.01,22.16,Normal,1,False
2026-04-22 17:30:13,9,22,ransomware,48.22,26.03,Normal,1,False
2026-04-22 17:30:13,9,23,ransomware,48.68,23.85,Normal,1,False
2026-04-22 17:30:13,9,24,ransomware,48.01,26.9,Normal,1,False
2026-04-22 17:30:13,9,25,ransomware,47.54,22.75,Normal,1,False
2026-04-22 17:30:13,9,26,ransomware,46.46,19.55,Normal,1,False
2026-04-22 17:30:13,9,27,ransomware,45.59,25.32,Normal,1,False
2026-04-22 17:30:19,9,28,ransomware,45.45,22.31,Normal,1,False
2026-04-22 17:30:19,9,29,ransomware,44.53,99.0,Normal,1,False
2026-04-22 17:30:19,9,30,ransomware,40.44,26.18,Normal,1,False
2026-04-22 17:30:19,9,31,ransomware,36.79,21.1,Normal,1,False
2026-04-22 17:30:19,9,32,ransomware,36.69,24.87,Normal,1,False
2026-04-22 17:30:19,9,33,ransomware,36.37,19.55,Normal,1,False
2026-04-22 17:30:19,9,34,ransomware,35.81,24.43,Normal,1,False
2026-04-22 17:30:19,9,35,ransomware,34.93,24.22,Normal,1,False
2026-04-22 17:30:19,9,36,ransomware,35.62,22.28,Normal,1,False
2026-04-22 17:30:19,9,37,ransomware,36.74,27.5,Normal,1,False
2026-04-22 17:30:19,9,38,ransomware,37.13,24.41,Normal,1,False
2026-04-22 17:30:19,9,39,ransomware,36.23,24.79,Normal,1,False
2026-04-22 17:30:19,9,40,ransomware,35.55,22.68,Normal,1,False
2026-04-22 17:30:19,9,41,ransomware,36.37,28.07,Normal,1,False
2026-04-22 17:30:19,9,42,ransomware,36.05,23.29,Normal,1,False
2026-04-22 17:30:19,9,43,ransomware,34.75,22.28,Normal,1,False
2026-04-22 17:30:19,9,44,ransomware,37.38,22.71,Normal,1,False
2026-04-22 17:30:19,9,45,ransomware,37.31,23.52,Normal,1,False
2026-04-22 17:30:19,9,46,ransomware,36.6,22.25,Normal,1,False
2026-04-22 17:30:19,9,47,ransomware,36.96,24.64,Normal,1,False
2026-04-22 17:30:19,9,48,ransomware,36.9,28.47,Normal,1,False
2026-04-22 17:30:19,9,49,ransomware,37.62,25.18,Normal,1,False
2026-04-22 17:30:19,9,50,ransomware,37.09,23.07,Normal,1,False
2026-04-22 17:30:19,9,51,ransomware,37.64,31.49,Normal,1,False
2026-04-22 17:30:19,9,52,ransomware,37.68,27.45,Normal,1,False
2026-04-22 17:30:19,9,53,ransomware,37.41,23.58,Normal,1,False
2026-04-22 17:30:19,9,54,ransomware,38.5,22.24,Normal,1,False
2026-04-22 17:30:19,9,55,ransomware,37.08,21.78,Normal,1,False
2026-04-22 17:30:19,9,56,ransomware,37.41,22.33,Normal,1,False
2026-04-22 17:30:19,9,57,ransomware,37.13,25.29,Normal,1,False
2026-04-22 17:30:19,9,58,ransomware,36.82,24.78,Normal,1,False
2026-04-22 17:30:19,9,59,ransomware,37.71,22.49,Normal,1,False
2026-04-22 17:30:19,9,60,ransomware,38.58,30.78,Normal,1,False
